,predictor,slope,intercept,r-squared,residual-ratio,statistic,p-value
0,msttr,59.36489892099885,71.27204296247123,0.006513947674121057,0.8867924528301887,0.964203435316488,0.008108697254594831
1,ari,0.08515663364330113,113.01602191857701,0.00045127723391991115,0.8867924528301887,0.9561452028899446,0.0021559984549933426
2,fg,0.24561037497239743,112.19342595991931,0.002699964285735934,0.8867924528301887,0.95913662434005,0.003491444547801571
3,fe,-0.017559220516792234,115.1164742243368,0.00013765768784101962,0.9230769230769231,0.9553432649155,0.0018982933684786013
4,words,-9.300064842491064e-06,113.74308059736923,9.74737582848384e-06,0.9230769230769231,0.9538773729750727,0.0015073437094966617
5,comm,-0.012928031219105799,113.8604368674291,0.00036979225269739846,0.9230769230769231,0.9547842789965134,0.0017379414425812581
